uuid,name,permalink,website,description,phone,email,facebook,growth_indicator,founders,categories,locations
9bd428f2-ec7d-45d1-936f-2c2b3bf93c95,Hippocratic AI,hippocratic-ai,https://www.hippocraticai.com,"Hippocratic AI develops safety-focused large language models with a focus on non-diagnostic, patient-facing applications. The majority of language models undergo pre-training using the common crawl of the Internet, which might contain inaccurate and deceptive information. In contrast, Hippocratic AI is significantly prioritizing the acquisition of evidence-based healthcare content through legal means, setting it apart from these language models.",,press@hippocraticAI.com,https://www.facebook.com/hippocraticai,growing,Alex Miller|Debajyoti Datta|Kim Parikh|Meenesh Bhimani|Munjal Shah|Saad Godil|Subhabrata Mukherjee|Vishal Parikh,Artificial Intelligence (AI)|Generative AI|Health Care|Information Technology,Palo Alto|California|United States|North America
e91365c8-d5df-d50f-6af9-e68362093729,StackAdapt,stackadapt,https://www.stackadapt.com,"StackAdapt is a programmatic advertising platform that specializes in multi-channel solutions including native, display, video, connected TV, audio, in-game, and digital out-of-home ads.

StackAdapt's state-of-the-art platform is where some of the most progressive work in machine learning meets cutting-edge user experience. StackAdapt is designed around the three core pillars of programmatic—planning, executing, and analyzing.

StackAdapt is ranked as the number 1 DSP on G2. For six consecutive years, StackAdapt has been recognized as a high performer and the highest-ranking DSP in customer satisfaction by G2, and also placed on the Top 100 Software Products list and the Highest Satisfaction list for 2020 and 2021. StackAdapt has been named one of the 2022 Ad Age Best Places to Work and was ranked top 5 out of thousands of applicants.",1 800-659-2026,,https://www.facebook.com/stackadapt,growing,Ildar Shar|Vitaly Pecherskiy|Yang Han,Ad Retargeting|Ad Targeting|Advertising|Advertising Platforms|Digital Marketing|Machine Learning|Marketing|Mobile Advertising|Video Advertising,Toronto|Ontario|Canada|North America
a51bcde4-4be9-eadf-0f18-af534e13a780,BitGo,bitgo,http://www.bitgo.com,"BitGo is an institutional digital asset financial services company that provides clients with security, custody, and liquidity solutions. BitGo supports over 200 coins and tokens and has over $2 billion in assets in its wallet. The company's customer base includes cryptocurrency exchanges and spans more than 50 countries. In 2018, the company introduced BitGo Custody and launched BitGo Trust Company, a qualified custodian purpose-built for storing digital assets.",+972 1-700-700-354,support@bitgo.com,https://www.facebook.com/bitgoinc,,Ben Davenport|Mike Belshe|Will O'Brien,Bitcoin|Cryptocurrency|Financial Services|FinTech|Virtual Currency,Palo Alto|California|United States|North America
eed93262-0db4-4be7-ae0e-3407d13a7111,Movement Labs,movement-labs-7111,https://movementlabs.xyz/,Movement Labs is a modular framework platform that builds and deploys move-based blockchains and applications in distributed settings. Its platform offers a composable and horizontally scalable network that provides unparalleled smart contract security and asset portability to help users solve the cold start problem with unprecedented interoperability.,,,,,Cooper Scanlon|Rushi Manche,Blockchain|Business Intelligence|Cloud Computing|Network Security,Middletown|Delaware|United States|North America
43ac6c2f-65ec-5b40-89d6-ab9d4c4988ef,Crunchbase,crunchbase,https://www.crunchbase.com,"Crunchbase helps over 80 million investors, analysts, and dealmakers discover and act on the right private market opportunities by analyzing company activity and predicting what matters most. With Crunchbase:
- Discover companies that matter at scale using the homepage, Crunchbase Scout, and search.
- Make impactful decisions with proprietary Predictions and Insights on organization profiles.
- Drive team efficiency, on or off Crunchbase, with exports, team administrative features, integrations, and more.
- Enrich team tools and build products with private company intelligence you can’t get anywhere else.
Built on the data you trust, Crunchbase closes the gap between accessing data and making business decisions with it.",,info@crunchbase.com,https://www.facebook.com/crunchbase,growing,Michael Arrington,Artificial Intelligence (AI)|Big Data|Business Intelligence|Database|Information Services|Lead Generation|Software,San Francisco|California|United States|North America
08ab1923-a787-4612-842f-c01f7fbf7a9e,Serve Robotics,serve-robotics,http://www.serverobotics.com,"Serve Robotics develops self-driving robotic carriers to deliver and serve food. The company's zero-emissions rovers are designed to serve people in public spaces, starting with food delivery. It also partners with platforms and merchants to help local businesses reach more customers.",,info@serverobotics.com,,growing,Ali Kashani|Dmitry Demeshchuk,Food Delivery|Logistics|Robotics,Los Angeles|California|United States|North America
546ef041-e539-46f4-8389-2cd07afe59c9,Sygnum,sygnum,https://www.sygnum.com,"Sygnum is an international digital asset banking organization, rooted in Swiss and Singaporean traditions. The company provides professional and institutional investors, banks, corporations, and DLT foundations with the means to invest in digital assets with utmost confidence. Sygnum's team facilitates this through our top-tier security, personalized expert service, and regulated services in digital asset banking, asset management, tokenization, and B2B offerings.",+41 58-508-2000,info@sygnum.com,https://www.facebook.com/SygnumAG,growing,Gerald Goh|Karen Seah|Luka Muller|Mathias Imbach,Asset Management|Banking|Cryptocurrency|Finance|Financial Services|FinTech,Zürich|Zurich|Switzerland|Europe
2b67d957-4f54-4d8d-8202-2bfa4ba681bd,LemFi,lemonade-finance,https://www.lemfi.com,LemFi provides users with accounts in their country of residence and of origin for personal and business banking needs. The company allows international payments and sending money to 20+ countries.,702-505-4976,support@lemfi.com,https://www.facebook.com/uselemfi,growing,Olalere Ridwan|Rian Cochran,Banking|Financial Services|FinTech,Toronto|Ontario|Canada|North America
1079eddc-76d6-118d-3168-c264b1da043f,Trinity Capital,trinity-capital-investment,https://trinitycap.com,"Trinity Capital is a provider of venture debt and equipment financings to emerging growth-stage companies. They work closely with venture capital firms, tech banks, and their respective portfolio companies to provide insightful and competitive venture debt financing solutions to address their customers’ specific needs. Having funded some of the world’s most innovative start-up companies, they are the partner of choice for venture-backed technology start-ups seeking access to capital while preserving equity.",(480) 247-5099,,,,Steve Brown,Finance|Financial Services|Lending|Venture Capital,Phoenix|Arizona|United States|North America
a8478414-38c1-4084-a2a3-4074f6feae95,K5 Global,k5-global,http://www.k5global.com/,"K5 Global Advisor LLC (“K5”) is a venture capital firm and incubation studio that supports founders across the business lifecycle. The firm was founded in 2018 by Michael Kives and Bryan Baum and has deployed capital of around $1B as of March 31, 2024. K5 invests across multiple stages, from seed through growth stage companies, with a focus on Enterprise SaaS, Vertical SaaS, and FinTech. In 2023, Keenan Rice and Daniel Marcotte, investors from Tokyo Black Capital Advisors, LLC, and both on the founding team of Looker (acquired by Google in 2020 for $2.6B), joined with K5’s early-stage SaaS investing team.

K5 seeks to help innovative companies expand their networks and best position them to achieve growth targets.",,inquiries@k5global.com,,,Bryan Baum|Michael Kives,,San Francisco|California|United States|North America
1a4c9bfc-91d9-4586-bb7d-8d6f2d73b5d4,Quantum Computing,quantum-computing,https://quantumcomputinginc.com,"Quantum Computing is a computer software company that focuses on developing processes to commercialize quantum computing hardware and application services. The company is driven by its mission is to lead the revolution in quantum computing.

Quantum Computing was founded in 2018 and headquartered in Leesburg, Virginia.",703-436-2161,info@quantumcomputinginc.com,,growing,Robert Liscouski,Information Technology|Quantum Computing|Software,Leesburg|Virginia|United States|North America
55d02c5a-f0d6-f70f-1a04-832633cfce2a,AngelList,angellist,https://www.angellist.com,"AngelList is a U.S. website for startups, angel investors, and job-seekers looking to work at startups.

It is the parent company of AngelList Venture, AngelList Talent, and Product Hunt and has more than 20 unicorns in the portfolio. They support millions of job-seekers in their search and helped makers launch over 100,000 products that will define the future of tech.",,Wben34690@gmail.com,https://www.facebook.com/angellist,,Babak Nivi|Naval Ravikant,Angel Investment|Financial Services|Internet,San Francisco|California|United States|North America
d299f4ea-64d3-3967-c359-3187c3a99ba4,Rokt,rokt,https://www.rokt.com,ROKT is a software development company that offers e-commerce technology and software solutions to introduce marketing into e-commerce through the transaction moment in order to revolutionize the consumer purchasing experience. The business links consumers and marketers and integrates native advertisements into e-commerce sites' transactional flows.,+1-646-693-7411,info@rokt.com,https://www.facebook.com/ROKT,,Ben Voltz|Bruce Buchanan|Justin Viles,B2B|Big Data|Data Integration|E-Commerce|Marketing|Marketing Automation,New York|New York|United States|North America
1d8fd382-f09d-4cab-aebb-b5521fac64c2,Bitget,bitget-com,https://www.bitget.com,"Bitget has core focus is on social trading. Currently serving over two million users in more than 50 countries around the world, Bitget accelerated its mission to promote decentralized finance with a 600-strong workforce.

Since Bitget’s official launch in the crypto derivatives market in June 2019, the platform has now become one of the world’s largest crypto copy trading and derivatives exchanges and is ranked in the top five globally by CoinMarketCap and CoinGecko for derivatives trading by volume. The leading exchange focuses on transforming the way people connect and trade with social trading. Its flagship offering, One-Click Copy Trade, is nothing short of a pioneer in social trading and has amassed over 55,000 professional traders, with approximately 1.1 million followers, innovating the experience for crypto derivatives traders worldwide.",,support@bitget.com,https://www.facebook.com/BitgetGlobal,growing,Gracy Chen,Cryptocurrency|Financial Services|Trading Platform,Singapore|Central Region|Singapore|Asia
8ef9af47-03a7-4ce7-822b-75ebf3483171,Phantom,phantom-3171,https://phantom.com,"Phantom is a digital wallet reimagined for DeFi and NFTs. Phantom is a multichain wallet that supports various applications and allows users to manage their crypto and NFT assets across multiple blockchain networks, particularly Solana. The Phantom wallet is accessible through various platforms including mobile and browser extensions, making it versatile for all users engaging with digital finance.",(858) 568-7051,,,,Brandon Millman|Chris Kalani|Francesco Agosti,Bitcoin|Cryptocurrency|Decentralized Finance (DeFi)|Finance|Financial Services|FinTech|Non-Fungible Token (NFT),San Francisco|California|United States|North America
cf16f2b3-4f14-4683-94ca-c637d99cb2aa,Archer,archer-b2aa,https://www.archer.com,"Archer is an aerospace company building an all-electric vertical takeoff and landing aircraft focused on improving mobility in cities. The company's mission is to advance the benefits of sustainable air mobility. Archer is designing, manufacturing, and operating a fully electric aircraft that can carry four passengers for 60 miles at speeds of up to 150mph while producing minimal noise. Archer's team is based in the San Francisco Bay Area.",,,https://www.facebook.com/FlyArcher,,Adam Goldstein|Brett Adcock,Aerospace|Air Transportation|Electric Vehicle|Manufacturing,San Francisco|California|United States|North America
136b84b0-27ae-1fd5-6a44-379bc5ad9e18,Startup Wise Guys,startup-wise-guys,https://startupwiseguys.com/,"Startup Wise Guys is one of the most active early stage investors in the broader CEE region and Nordics, has been voted Top VC fund in the CEE in year 2019. To help techy startup founders become true entrepreneurs, we are running a world-class startup accelerator since 2012. We have accelerated more than 300 startups, focusing on Sustainability, B2B SaaS, Fintech, Cybersecurity, and XR. The portfolio has already had 11 major exits and the overall startup survival and success rate is above 80%. The intensive up to 5 months-long accelerator program is focused on validating, developing, and selling products to business customers. Over 200 international and local mentors help startups move through those stages much faster than they would on their own. Founders are also prepared to sell their vision to investors, and the program culminates in Demo Days & major tech event visits, where startups get to present to venture capitalists and angel investors. Post-program, startups join the alumni community of 300+ startups in more than 40 countries and become eligible for invite-only alumni events such as SWG Getaway focused on business development, fundraising, and experience sharing.",,info@startupwiseguys.com,http://www.facebook.com/StartupWiseGuys,growing,Christian Testman|Cristobal Alonso|Herty Tammo|Jon Bradford|Mike Reiner,Augmented Reality|B2B|Cyber Security|FinTech|SaaS|Sustainability|Virtual Reality,Tallinn|Harjumaa|Estonia|Europe
979544f7-6a87-8579-306a-ea03a05a3071,SoundHound,soundhound,http://www.soundhound.com,SoundHound AI develops a voice AI platform that enables brands to create customized conversational experiences for their products and services. The platform allows companies to voice-enable their offerings while providing access to valuable data and analytics for improved customer interactions. SoundHound AI aims to enhance user engagement through natural voice interactions across various industries.,408-441-3200,pr@soundhound.com,,growing,James Hom|Keyvan Mohajer|Majid Emami,Artificial Intelligence (AI)|Machine Learning|Speech Recognition,Santa Clara|California|United States|North America
a81e886e-a81d-2c13-e55b-d4a67735663b,OpenGov,opengov,http://opengov.com,"OpenGov is a provider of modern cloud software that enables government operations for local governments and state agencies. The company's software is designed specifically for the public sector's particular budgeting, procurement, and community development requirements.",(650) 336-7167,contact@opengov.com,http://www.facebook.com/opengovinc,,Dakin Sloss|Joe Lonsdale|Mike Rosengarten|Nate Levine|Zac Bookman,Data Visualization|Enterprise Software|GovTech|SaaS|Software,San Jose|California|United States|North America
2cf71583-1982-4798-aac0-40efffae4537,Nothing,nothing-4537,https://nothing.tech,"Nothing is a consumer tech company that develops digital technology to connect products and services. The company's digital technology is used to remove barriers between people and technology. It also develops a pair of wireless headphones as well as a suite of smart, connected consumer electronics that help clients to bring back artistry, passion, and trust to the field of consumer technology.

Nothing was co-founded in 2020 by Carl Pei and Akis Evangelidis and it is headquartered in London, England.",,,https://www.facebook.com/Nothing-Technology-724644021637509,,Akis Evangelidis|Carl Pei|David Sanmartin Garcia,Consumer|Consumer Electronics|Consumer Software|Information Technology,London|England|United Kingdom|Europe
affc29ed-7581-40bd-a12e-43943162adad,Vertical Aerospace,vertical-aerospace-ltd,https://vertical-aerospace.com/,"Vertical Aerospace builds technology to revolutionize how people fly, by making air travel personal, on-demand, and carbon-free.

Since its inception in 2016, Vertical Aerospace has grown to over 70 world-class engineers and technical experts, recruited from the likes of Airbus, Boeing, Rolls-Royce, and Jaguar Land Rover.

In 2019 they launched its second aircraft, the Seraph, making the first company in the world to release flight footage of an aircraft capable of carrying 250kg.",,hello@vertical-aerospace.com,https://www.facebook.com/verticalaerospace/,,Stephen Fitzpatrick,Aerospace|Air Transportation|Mechanical Engineering,"Bristol|Bristol, City of|United Kingdom|Europe"
767b35ea-299e-46fc-8bc6-a7b6b477bdb6,Chainlink,chainlink,https://chain.link,"Chainlink provides reliable tamper-proof inputs and outputs for complex smart contracts on any blockchain.

Smart Contracts provide the ability to execute tamper-proof digital agreements, which are considered highly secure and highly reliable. In order to maintain a contract's overall reliability, the inputs, and outputs that the contract relies on also need to be secure. Chainlinks provide a reliable connection to external data, that is provably secure end-to-end.

The company was founded in 2014 and based in Grand Cayman, Midland, Cayman Islands.",,support@chain.link,https://www.facebook.com/chainlink.smartcontract,growing,,Blockchain|Decentralized Finance (DeFi)|Information Technology|Internet|Security|Software|Web3,Grand Cayman|Midland|Cayman Islands|North America
eae900d4-e704-4984-b94d-f4c74b634068,Anthos Therapeutics,anthos-therapeutics,https://anthostherapeutics.com,Anthos Therapeutics is a biopharmaceutical company that specializes in the treatment of cardiovascular and metabolic diseases. The company was founded by a world-class executive team with extensive experience in the development and commercialization of CVM disease therapies.,617-430-6940,info@anthostherapeutics.com,,growing,Jonathan Freeman,Biopharma|Biotechnology|Health Care|Therapeutics,Cambridge|Massachusetts|United States|North America
df42b071-8bfd-2397-d2fe-a283a3030e89,Flock Safety,flock-safety,https://www.flocksafety.com,"Flock Safety develops security solutions using automated license plate recognition cameras. Its main product is its ALPR cameras, which are used by neighborhoods, law enforcement agencies, and businesses to capture and analyze vehicle license plates. These cameras help in solving and preventing crimes by providing actionable data. The company's platform combines the power of communities at scale, including cities, businesses, schools, and law enforcement agencies – to shape a safer future together. Their full-service, maintenance-free technology solution is trusted by communities to help solve and deter crime in the pursuit of safer communities for everyone.",+1-866-901-1781,support@flocksafety.com,https://www.facebook.com/flocksafety,growing,Garrett Langley|Matt Feury,Manufacturing|Public Safety|Security|Sensor,Atlanta|Georgia|United States|North America
feb8d007-c58b-45f8-bf42-4a31256fc0d4,Glean,scio-technologies,https://www.glean.com,"Glean develops an AI-based search engine software that connects enterprise data and generates answers through a tool in any company. It provides an AI assistant and enterprise search platform called Workplace Search that connects to internal data sources to help employees find information and answer questions. The platform uses advanced search, retrieval augmented generation, and large language models to generate personalized answers grounded.",,team@glean.com,https://www.facebook.com/GleanWork,,Arvind Jain|Piyush Prahladka|Sharvanath Pathak|Tony Gentilcore|TR Vishwanath,Artificial Intelligence (AI)|Generative AI|Machine Learning|SaaS|Search Engine,Palo Alto|California|United States|North America
9caa6135-6881-6ad6-9e0f-f112e87dd455,IonQ,ionq-inc,https://ionq.com,"IONQ develops general-purpose quantum information processors to solve the world’s complex problems. Its unique trapped ion approach combines unmatched physical performance, perfect qubit replication, optical networkability, and highly optimized algorithms to create a quantum computer that is as scalable as it is powerful and that will support a broad array of applications across a variety of industries.

It was founded in 2015 and is based in College Park, Maryland.",(301)298-7997,info@ionq.com,https://www.facebook.com/profile.php?id=100068180767172,growing,Christopher Monroe|Jungsang Kim,Computer|Electronics|Information Services|Information Technology|Quantum Computing,College Park|Maryland|United States|North America
cf5cffe3-be53-4e4c-ba34-4356af54807f,Rad AI,radai,https://www.radai.com,"Rad AI develops an artificial intelligence automated report generation platform to automate repetitive tasks for radiologists. Its platform integrates with existing workflow, automating repetitive tasks, and enabling radiologists to improve radiology workflow that maximizes efficiency and accuracy while reducing burnout for radiologists and improving patient care.",,info@radai.com,https://m.facebook.com/radaiFB,,Doktor Gurson|Jeff Chang,Artificial Intelligence (AI)|Enterprise Software|Health Care,San Francisco|California|United States|North America
a3a90904-346f-de54-b7bc-fa82d2862672,Insilico Medicine,insilico-medicine,http://www.insilico.com,"Insilico Medicine develops an AI platform for drug development to treat cancer and age-related diseases. It pioneered the applications of the generative adversarial networks (GANs), reinforcement learning, transfer learning, and meta-learning for the generation of novel molecular structures for the diseases with known and unknown targets, and, unlike the other companies in the field, is developing the end-to-end pipeline covering every step of drug discovery, clinical trials analysis, and digital medicine. Insilico Medicine is pursuing internal drug discovery programs in cancer, dermatological diseases, fibrosis, Parkinson's Disease, Alzheimer's Disease, ALS, diabetes, sarcopenia, and aging. Through a partnership with Life Extension, the company launched a range of nutraceutical products, which were compounded using advanced bioinformatics techniques and deep learning approaches. It also provides a range of consumer-facing applications including Young.AI.",,ai@insilico.com,https://www.facebook.com/insilicomedicine,growing,Alex Zhavoronkov,Artificial Intelligence (AI)|Biotechnology|Health Care|Pharmaceutical,Hong Kong|Hong Kong Island|Hong Kong|Asia
dc7fc343-2884-5489-8127-9e3ed9f88349,Village Global,village-global-2,http://www.villageglobal.vc/,Village Global is an early stage venture capital firm backed by some of the world's most successful entrepreneurs.,,,,,Adam Corey|Anne Dwane|Ben Casnocha|Erik Torenberg|Ross Fubini,Financial Services|Professional Networking|Venture Capital,Covina|California|United States|North America
624832a3-9ed5-4fc1-8ec4-d20624f487c5,Quantinuum,honeywell-quantum-solutions,https://www.quantinuum.com/,"Quantinuum is a quantum company dedicated to the advancement of quantum computers and the development of software solutions. Quantinuum's technology spearheads advancements in materials discovery, cybersecurity, and next-generation quantum AI. The company has nearly 500 professionals, including over 370 scientists and engineers, Quantinuum takes the helm in driving the quantum computing revolution globally.",+1 303-469-4058,info@quantinuum.com,https://www.facebook.com/QuantinuumQC,growing,Ilyas Khan,Cyber Security|Quantum Computing|Software Engineering,Broomfield|Colorado|United States|North America
f29c5033-74a0-40d1-9178-af8d1ab15fe8,Hidden Level,hidden-level,https://www.hiddenlevel.com,"Hidden Level provides cutting-edge technologies for passive radar and drone detection, specializing in RF spectrum signal analysis. Their technology focuses on passive radar systems designed for drone detection and airspace monitoring, serving sectors such as critical infrastructure, defense, and public safety. Hidden Level's Airspace Monitoring Service (AMS) utilizes networks of passive sensors to detect and track various aerial vehicles, including drones, over large geographic areas. This service is designed to be compliant with Title 18 regulations, ensuring adherence to privacy laws.",315.238.5137,info@hiddenlevel.com,https://www.facebook.com/hiddenlevelxyz,,Gary Dominicos|Jeffrey Cole|Kevin Nasman,Aerospace|National Security|Remote Sensing|Software,Syracuse|New York|United States|North America
2ab4b6e1-8274-42d9-8bb4-1384b0c72f22,First Abu Dhabi Bank,first-abu-dhabi-bank,https://www.bankfab.ae/,"FAB, the UAE’s largest bank and one of the world’s largest financial institutions offers a an extensive range of tailor-made solutions.",+971 60 052 5500,atyourservice@bankfab.com,,,,Banking|Financial Services,Dubai|Dubai|United Arab Emirates|Asia
0fc9a5f5-139c-4f91-8f98-da3ebc5ae2cf,Blue Owl,blue-owl-e2cf,https://www.blueowl.com,"Blue Owl Capital is an alternative asset manager that provides investors access to direct lending and GP capital solutions strategies through a variety of vehicles. The firm's breadth of offerings and permanent capital base enables it to offer a differentiated, holistic platform of capital solutions to participants throughout the private market ecosystem, including alternative asset managers and private middle market corporations.",888-215-1944,inquiry@blueowl.com,,,Craig Packer|Douglas I. Ostrover|Michael Rees,Banking|Consumer Lending|Finance|Financial Services|Lending,New York|New York|United States|North America
1f9f554a-d030-4de2-a977-f726c6ef782a,Nscale,nscale,https://www.nscale.com,"Nscale is an AI GPU cloud platform that provides scale computing to the generative AI market. It develops AI-ready data centers, deploys GPU infrastructure, and delivers AI cloud services. Its AI private cloud platform supports the entire generative AI lifecycle, enabling developers to run and train AI models. It also provides bare metal and virtualized GPU nodes, Kubernetes-native services (NKS), AI workload scheduling empowered by SLURM, and advanced serverless and dedicated inferencing options.",,,,,Joshua Payne,Artificial Intelligence (AI)|GPU|Information Technology|Internet|Telecommunications,London|England|United Kingdom|Europe
8ee63939-bd06-6699-f575-dffcecb71daf,HSBC,hsbc,http://www.hsbc.com,"HSBC is a banking and financial services organization. The shares are traded on the New York Stock Exchange in the form of American Depositary Receipts. Through an international network linked by advanced technology, including a rapidly growing e-commerce capability, HSBC provides a comprehensive range of financial services: personal financial services; commercial banking; corporate, investment banking and markets; private banking, and other activities.",+44 20-7991-8888,,https://www.facebook.com/HSBCIndia,,Thomas Sutherland,,London|England|United Kingdom|Europe
28908f17-1e91-5b23-93e2-3f1222696967,monday.com,mondaydotcom,https://monday.com,"The monday.com Work OS is an open platform that democratizes the power of software so organizations can easily build work management tools and software applications to fit their every need. The platform intuitively connects people to processes and systems, empowering teams to excel in every aspect of their work while creating an environment of transparency in business. monday.com has teams in Tel Aviv, New York, San Francisco, Miami, Chicago, London, Kiev, Warsaw, Sydney, São Paulo, and Tokyo. The platform is fully customizable to suit any business vertical and is currently used by over 152,000 customers across over 200 industries in 200 countries.",,support@monday.com,https://www.facebook.com/mondaydotcom,growing,Eran Kampf|Eran Zinman|Roy Mann,Collaboration|CRM|Developer Tools|Marketing|Project Management|SaaS|Task Management,Tel Aviv|Tel Aviv|Israel|Asia
343d1d34-2354-9d89-0864-854070edd816,Exabeam,exabeam,http://www.exabeam.com,"Exabeam is a leader in intelligence and automation that powers security operations for the world’s smartest companies. As a global cybersecurity leader, Exabeam provides industry-proven, security-focused, and flexible solutions for faster, more accurate threat detection, investigation, and response (TDIR). Cutting-edge technology enhances security operations center performance, optimizing workflows and accelerating time to resolution. With consistent leadership in AI innovation and a proven track record in security information and event management (SIEM) and user behavior analytics, Exabeam empowers global security teams to combat cyberthreats, mitigate risk, and streamline operations. Learn more at www.exabeam.com.",844-392-2326,info@exabeam.com,,growing,Domingo Mihovilovic|Nir Polak|Sylvain Gil,Analytics|Artificial Intelligence (AI)|Big Data|Cloud Security|Cyber Security|Machine Learning|Software,Foster City|California|United States|North America
e3a91339-7bc5-43a6-a4dc-8c22dd6062a0,Liquid Death,liquid-death-mountain-water,https://liquiddeath.com,"Liquid Death is the first bold, hilarious beverage focused on health and sustainability, and it is one of the fastest-growing non-alcoholic beverage brands of all time. They take the healthiest beverage available (water) and package it in infinitely recyclable tallboy cans that can compete with the fun marketing of unhealthy brands in energy drinks, beer, and junk food. In addition, Liquid Death donates 10% of its profits from each can sold to nonprofits that work to eliminate plastic pollution and provide clean drinking water to those in need.",,info@liquiddeath.com,https://www.facebook.com/DrinkLiquidDeath,growing,Jon-Ryan Riggins|Mike Cessario,Food and Beverage|Product Design|Wellness,Santa Monica|California|United States|North America
3e442636-80a7-4ce4-99f3-4468b30146a1,Neko Health,neko-health,https://www.nekohealth.com/en,"Neko Health is a health-tech company focused on creating a healthcare system that emphasizes preventive measures and early detection of health issues. The company has developed a new medical scanning technology that enables broad, non-invasive health data collection, making health checks convenient and affordable.",08-502 427 76,hello@nekohealth.com,,growing,Daniel Ek|Hjalmar Nilsonne,Health Care|Hospital,Stockholm|Stockholms Lan|Sweden|Europe
84f8ff35-61e7-41e6-a42e-bcb412ffd5f5,Infinite Reality,infinite-reality-d5f5,https://theinfinitereality.com,"Infinite Reality (iR) helps clients with audiences develop immersive experiences that maximize the value between audiences, creators, and brands. iR powered virtual experiences enable brands and creators to fully control the ways in which they distribute content, engage audiences, commercialize their creations, and communicate with their communities. With deep expertise in Hollywood production, iR develops world-class Metaverse experiences that redefine the possibilities in connected digital environments. Services and Advisory teams manage, design, and oversee custom builds, leveraging the Technology team’s platform development excellence. Entertainment and Content Creation divisions produce breathtaking original content and live events from iR's 150,000 sq. ft. Los Angeles studio. iR’s Agency attracts, cultivates, and builds client audiences while iR’s digitally native brands, including championship esports organizations Rogue and the London Royal Ravens and premier influencer management agency TalentX Entertainment, increase awareness and adoption of Web3 opportunities.",,Press@theinfinitereality.com,https://www.facebook.com/infin8reality,growing,Elliott Jobe|John Acunto|Rodric David,Media and Entertainment|Metaverse|Web3,Norwalk|Connecticut|United States|North America
b577b6df-90f6-44f1-a001-b9283e38a4d4,Polygon,polygontechnology,https://polygon.technology,"Polygon is a platform for Ethereum scaling and infrastructure development and web3. Its growing suite of products offers developers easy access to all scaling and infrastructure solutions: L2 solutions (ZK Rollups and Optimistic Rollups), sidechains, hybrid solutions, stand-alone and enterprise chains, data availability solutions, and more. Polygon’s scaling solutions have seen widespread adoption with 7,000+ applications hosted, 1B+ total transactions processed, ~130M+ unique user addresses, and $5B+ in assets secured.",,info@polygon.technology,,,Antoni Martin|Anurag Arjun|Bobbin Threadbare|Brendan Farmer|Daniel Lubarov|David Schwartz|Jaynti Kanani|Jordi Baylina|Mihailo Bjelic|Sandeep Nailwal,Blockchain|Ethereum|Information Technology|Infrastructure|Web3,Bengaluru|Karnataka|India|Asia
5a8f1915-0723-4f2c-b231-17aab4de617a,Applied Digital,applied-blockchain-617a,https://ir.applieddigital.com/,"Applied Digital designs, builds, and maintains next-generation datacenters across North America, offering digital infrastructure solutions to the rapidly expanding high performance computing (HPC) market.",(702) 533-8372,brett@haydenir.com,,,Wes Cummins,Blockchain|Cryptocurrency|Finance,Dallas|Texas|United States|North America
2f09a625-dfd1-bea9-d16b-0a45158c80c9,Investcorp,investcorp-2,http://www.investcorp.com/,"Investcorp has earned distinction through reliability, transparency, business judgment, value creation, innovation and superior results.",+97317532000,felamine@investcorp.com,,,Nemir A. Kirdar,Asset Management|Finance|Financial Services,Manama|Al Manamah|Bahrain|Asia
77453ec1-2761-6319-3ee3-7715980dba74,Creatio,creatioglobal,http://www.creatio.com,"Creatio is a global vendor of one platform to automate workflows and CRM with no code. The company's no-code platform allows businesses to create applications and automate processes without any programming knowledge. Creatio offers comprehensive CRM solutions for marketing, sales, and service automation. These tools help businesses manage customer relationships and improve customer experience. The platform also includes powerful business process management tools that enable organizations to design, execute, monitor, and optimize business processes.

Creatio aims to help organizations accelerate by providing a platform that combines CRM and BPM capabilities with a no-code approach.",617 765 7997,info@creatio.com,https://www.facebook.com/creatiocompany,,Katherine Kostereva,CRM|Developer Tools|Information Technology|SaaS,Boston|Massachusetts|United States|North America
b4bda788-146d-4350-8897-4d11cbf82542,Nuvei,nuvei,https://nuvei.com,"Nuvei is a financial service company that provides its clients with payment technology solutions. Nuvei provides all payout options as well as card issuing, banking, risk management, and fraud management services. Businesses can accept next-generation payments, provide all payout options, and take advantage of card issuance, banking, risk, and fraud management services using Nuvei's modular, flexible, and scalable technology.",1(877)462-7486,,https://www.facebook.com/NuveiTech,,Philip Fayer,Finance|Financial Services|FinTech|Payments,Montréal|Quebec|Canada|North America
44283a07-9980-40e4-9284-7bd0bd77b734,Sierra Space,sierra-space,https://sierraspace.com,"Sierra Space is a leading commercial space company at the forefront of innovation and the commercialization of space in the Orbital Age®, building an end-to-end business and technology platform in space to benefit life on Earth. With more than 30 years and 500 missions of space flight heritage, the company is reinventing both space transportation with Dream Chaser®, the world’s only commercial spaceplane, and the future of space destinations with the company’s inflatable and expandable space station technology. Using commercial business models, the company is also delivering orbital services to commercial, DoD and national security organizations, expanding production capacity to meet the needs of constellation programs. In addition, Sierra Space builds a host of systems and subsystems across solar power, mechanics and motion control, environmental control, life support, propulsion and thermal control, offering myriad space-as-a-service solutions for the new space economy.",(303) 530-1925,marcomms@sierraspace.com,https://www.facebook.com/SierraSpaceCo,growing,Eren Ozmen|Fatih Ozmen,Advanced Materials|Aerospace|Industrial Manufacturing|Space Travel|Transportation,Louisville|Colorado|United States|North America
660a25d3-d60e-74ac-3381-38ca3b43aa9f,Gloo,gloo-2,http://gloo.us,"Gloo provides a technology platform that helps connect the faith ecosystem and drive personal growth through building deeper relationships. Its platform includes free and premium ministry tools and marketplace offerings—while funneling new investment capital toward ministry-based technology, products, and services. It connects ministry leaders to resources, people, data insights, and funding so their people and communities flourish and their organizations thrive.",,,https://www.facebook.com/TeamGloo,,Scott Beck|Theresa Beck,Analytics|Apps|Information Technology|Software,Boulder|Colorado|United States|North America
655ff5a2-33d2-dfe5-af13-20866a58a5c0,BigID,bigid,https://www.bigid.com,"BigID develops software that helps companies have secure customer data and satisfy privacy regulations. It uses advanced machine learning and identity intelligence to help enterprises better protect their customer and employee data at a petabyte scale. The company helps organizations manage and protect their customer data, meet data privacy and protection regulations like the CCPA and GDPR, and leverage unmatched coverage for all data across all data stores.

BigID aims to give enterprises the software to safeguard and steward customer data, by bringing data science to data privacy.

BigID has offices in the US and Israel and is founded in 2016 by security industry veterans spanning the identity, data security, big data, and governance markets.",(917) 765-5752,info@bigid.com,https://www.facebook.com/bigidsecure,growing,Dimitri Sirota|Nimrod Vax,Artificial Intelligence (AI)|Big Data|Cyber Security|Risk Management|Software,New York|New York|United States|North America
dda5b507-692a-4dc3-b50b-e51dffd64707,Castelion,pallas-4707,https://www.castelion.com,"Castelion is a venture-backed defense tech company applying modern hardware development and manufacturing processes to critical national security challenges, specifically to solve affordability, scale, and supply chain robustness.",204-841-4390,info@castelion.com,,growing,Andrew Kreitz|Bryon Hargis|Sean Pitt,Aerospace|Government|Manufacturing|Military|National Security,El Segundo|California|United States|North America
6d7bb608-fada-d4b9-3840-fa4dc80bb341,Blockstream,blockstream,https://blockstream.com,"Blockstream is a blockchain technology supplier that has remained at the forefront of cryptography and distributed system research. Their products and services form the foundation for the financial infrastructure of the future. Blockstream offers a range of key products and services designed to enhance Bitcoin and blockchain functionality. Notable offerings include Blockstream Satellite, which broadcasts the Bitcoin blockchain via satellite for users without internet access, and the Liquid Network, a sidechain solution that enables faster and more confidential transactions. Their Green Wallet is a non-custodial Bitcoin wallet focused on security and user control. Additionally, Blockstream provides blockchain APIs for developers to integrate blockchain functionalities into their applications, along with solutions for efficient Bitcoin mining operations. They also focus on cryptographic proofs to enhance privacy and security in transactions. Together, these products aim to improve the usability and capabilities of Bitcoin and blockchain technologies.",,inquiries@blockstream.com,https://www.facebook.com/blockstream,growing,Adam Back|Alex Fowler|Austin Hill|Erik Svenson|Gregory Maxwell|Jonathan Wilkins|Jorge Timón|Mark Friedenbach|Matt Corallo|Pieter Wuille,Bitcoin|Blockchain|Cryptocurrency|Finance|Financial Services|FinTech,Montréal|Quebec|Canada|North America
